{"DFZ": {"0": {"accuracy": 0.8627450980392157, "precision": 0.776984126984127, "recall": 0.8157142857142858, "f1": 0.782442655383832}, "0.5": {"accuracy": 0.6666666666666666, "precision": 0.6321895424836601, "recall": 0.6641666666666666, "f1": 0.5960975299210594}, "1.0": {"accuracy": 0.6274509803921569, "precision": 0.53625, "recall": 0.5475, "f1": 0.48654401154401156}, "2.0": {"accuracy": 0.35294117647058826, "precision": 0.30416666666666664, "recall": 0.2991666666666667, "f1": 0.23510387663311202}}, "DBX": {"0": {"accuracy": 0.8823529411764706, "precision": 0.8550000000000001, "recall": 0.9008333333333333, "f1": 0.8517424242424243}, "0.5": {"accuracy": 0.43137254901960786, "precision": 0.3295093795093795, "recall": 0.4083333333333334, "f1": 0.3402091767881241}, "1.0": {"accuracy": 0.37254901960784315, "precision": 0.32416056166056156, "recall": 0.36333333333333334, "f1": 0.3168024132730015}, "2.0": {"accuracy": 0.21568627450980393, "precision": 0.18606060606060607, "recall": 0.25416666666666665, "f1": 0.13199502023031434}}, "DFX": {"0": {"accuracy": 0.9019607843137255, "precision": 0.8716666666666667, "recall": 0.9175000000000001, "f1": 0.878409090909091}, "0.5": {"accuracy": 0.17647058823529413, "precision": 0.1577777777777778, "recall": 0.1575, "f1": 0.11014492753623188}, "1.0": {"accuracy": 0.19607843137254902, "precision": 0.16366013071895424, "recall": 0.20750000000000002, "f1": 0.12067124332570556}, "2.0": {"accuracy": 0.19607843137254902, "precision": 0.1625, "recall": 0.20750000000000002, "f1": 0.11719887955182073}}, "GFZ": {"0": {"accuracy": 0.8823529411764706, "precision": 0.8404761904761905, "recall": 0.869047619047619, "f1": 0.83995670995671}, "0.5": {"accuracy": 0.8823529411764706, "precision": 0.8380952380952381, "recall": 0.8732142857142857, "f1": 0.8432167832167832}, "1.0": {"accuracy": 0.803921568627451, "precision": 0.7716666666666667, "recall": 0.8089285714285716, "f1": 0.7716491841491842}, "2.0": {"accuracy": 0.7647058823529411, "precision": 0.7472222222222221, "recall": 0.782142857142857, "f1": 0.7362570762570763}}, "GBZ": {"0": {"accuracy": 0.8235294117647058, "precision": 0.7889285714285714, "recall": 0.8232142857142858, "f1": 0.7867773892773893}, "0.5": {"accuracy": 0.8431372549019608, "precision": 0.7680952380952382, "recall": 0.806547619047619, "f1": 0.7659440559440559}, "1.0": {"accuracy": 0.803921568627451, "precision": 0.7246428571428571, "recall": 0.7732142857142856, "f1": 0.7201839826839826}, "2.0": {"accuracy": 0.7647058823529411, "precision": 0.6883333333333332, "recall": 0.744642857142857, "f1": 0.6905069930069929}}, "GFY": {"0": {"accuracy": 0.8431372549019608, "precision": 0.8113888888888889, "recall": 0.8300000000000001, "f1": 0.7977540106951871}, "0.5": {"accuracy": 0.803921568627451, "precision": 0.8013888888888889, "recall": 0.7966666666666666, "f1": 0.7598247177658942}, "1.0": {"accuracy": 0.8431372549019608, "precision": 0.8093650793650795, "recall": 0.8357142857142857, "f1": 0.8001349630761396}, "2.0": {"accuracy": 0.7843137254901961, "precision": 0.7930555555555555, "recall": 0.8279761904761905, "f1": 0.7704670329670329}}, "GBY": {"0": {"accuracy": 0.803921568627451, "precision": 0.7857142857142858, "recall": 0.8083333333333332, "f1": 0.7734848484848486}, "0.5": {"accuracy": 0.7843137254901961, "precision": 0.7422222222222221, "recall": 0.75, "f1": 0.7009358288770053}, "1.0": {"accuracy": 0.7647058823529411, "precision": 0.7083333333333334, "recall": 0.7422619047619048, "f1": 0.6922552447552447}, "2.0": {"accuracy": 0.7058823529411765, "precision": 0.6732142857142855, "recall": 0.6988095238095238, "f1": 0.6438150738150737}}}