{"GFZ": {"0": {"accuracy": 0.8223552894211577, "precision": 0.8156422332057648, "recall": 0.8217469669736495, "f1": 0.8168942577693776}, "0.1": {"accuracy": 0.8083832335329342, "precision": 0.8032901741786482, "recall": 0.8067093808700256, "f1": 0.7997280658856623}, "0.3": {"accuracy": 0.7564870259481038, "precision": 0.7527264488592189, "recall": 0.7592051785021616, "f1": 0.7531358890541133}, "0.5": {"accuracy": 0.6966067864271457, "precision": 0.6938118505680466, "recall": 0.6980321656431643, "f1": 0.6922505121079393}}, "GBZ": {"0": {"accuracy": 0.780439121756487, "precision": 0.7868231272323831, "recall": 0.7854299628419792, "f1": 0.7833074753179632}, "0.1": {"accuracy": 0.7604790419161677, "precision": 0.767094367541244, "recall": 0.7656297514211967, "f1": 0.7628186482562309}, "0.3": {"accuracy": 0.7105788423153693, "precision": 0.726465808518148, "recall": 0.7138103971130996, "f1": 0.7161125126473868}, "0.5": {"accuracy": 0.6526946107784432, "precision": 0.6699417828411336, "recall": 0.6582119356487195, "f1": 0.6573717482772914}}, "GFY": {"0": {"accuracy": 0.8363273453093812, "precision": 0.8364307085677728, "recall": 0.8417947100428007, "f1": 0.8376953870261795}, "0.1": {"accuracy": 0.7984031936127745, "precision": 0.7994967731477002, "recall": 0.8015083978250617, "f1": 0.7992945575815331}, "0.3": {"accuracy": 0.7285429141716567, "precision": 0.7319718756896426, "recall": 0.7334935945105003, "f1": 0.7307457334658984}, "0.5": {"accuracy": 0.6506986027944112, "precision": 0.6647067205388354, "recall": 0.6500382637893198, "f1": 0.6535135845190239}}, "GBY": {"0": {"accuracy": 0.7964071856287425, "precision": 0.7897886527521785, "recall": 0.8002737816992862, "f1": 0.7914391887103452}, "0.1": {"accuracy": 0.7704590818363274, "precision": 0.7655676108789544, "recall": 0.7711945944057519, "f1": 0.7654853068195184}, "0.3": {"accuracy": 0.718562874251497, "precision": 0.7093114460335542, "recall": 0.7184678543731788, "f1": 0.7113831238450091}, "0.5": {"accuracy": 0.6407185628742516, "precision": 0.63647161486479, "recall": 0.6390832607376835, "f1": 0.6337284682849479}}, "DBX": {"0": {"accuracy": 0.9041916167664671, "precision": 0.90228166270909, "recall": 0.9080141760820016, "f1": 0.9039524335430628}, "0.1": {"accuracy": 0.5708582834331337, "precision": 0.5712679095570807, "recall": 0.5750200431676127, "f1": 0.5662066886875983}, "0.3": {"accuracy": 0.47305389221556887, "precision": 0.49242723129159105, "recall": 0.47581159707343784, "f1": 0.4682460662549234}, "0.5": {"accuracy": 0.43313373253493015, "precision": 0.47294892519000487, "recall": 0.43505382444267066, "f1": 0.4307678328875122}}, "DFX": {"0": {"accuracy": 0.9041916167664671, "precision": 0.9023750894232482, "recall": 0.9043653940488801, "f1": 0.9025847873420616}, "0.1": {"accuracy": 0.5588822355289421, "precision": 0.5690297190922309, "recall": 0.5620977443740649, "f1": 0.5598460464886805}, "0.3": {"accuracy": 0.47704590818363274, "precision": 0.466398774333557, "recall": 0.4805114287640676, "f1": 0.4661525470606608}, "0.5": {"accuracy": 0.43313373253493015, "precision": 0.4112332099893871, "recall": 0.4368174110569486, "f1": 0.41227380968733185}}, "DFZ": {"0": {"accuracy": 0.8882235528942116, "precision": 0.8902674606700985, "recall": 0.8918318314230312, "f1": 0.8875792147389083}, "0.1": {"accuracy": 0.5948103792415169, "precision": 0.5981461641502401, "recall": 0.5999615631844597, "f1": 0.5947847684898877}, "0.3": {"accuracy": 0.47904191616766467, "precision": 0.4756690845986717, "recall": 0.47894573884328484, "f1": 0.46685235376908485}, "0.5": {"accuracy": 0.4111776447105788, "precision": 0.4064102421721403, "recall": 0.4077039130932505, "f1": 0.389920171039173}}}