{"GFZ": {"0": {"accuracy": 0.9868421052631579, "precision": 0.990909090909091, "recall": 0.9875, "f1": 0.9885714285714287}, "0.5": {"accuracy": 0.9868421052631579, "precision": 0.990909090909091, "recall": 0.9875, "f1": 0.9885714285714287}, "1.0": {"accuracy": 0.9868421052631579, "precision": 0.990909090909091, "recall": 0.9875, "f1": 0.9885714285714287}, "2.0": {"accuracy": 0.9210526315789473, "precision": 0.9428571428571428, "recall": 0.9367424242424243, "f1": 0.9361471861471861}}, "GBZ": {"0": {"accuracy": 0.9736842105263158, "precision": 0.978409090909091, "recall": 0.9732142857142858, "f1": 0.9750457875457876}, "0.5": {"accuracy": 0.9605263157894737, "precision": 0.965909090909091, "recall": 0.956547619047619, "f1": 0.9592882117882118}, "1.0": {"accuracy": 0.9736842105263158, "precision": 0.978409090909091, "recall": 0.9732142857142858, "f1": 0.9750457875457876}, "2.0": {"accuracy": 0.8947368421052632, "precision": 0.8144230769230768, "recall": 0.8130952380952381, "f1": 0.808453847942339}}, "GFY": {"0": {"accuracy": 1.0, "precision": 1.0, "recall": 1.0, "f1": 1.0}, "0.5": {"accuracy": 0.9868421052631579, "precision": 0.990909090909091, "recall": 0.9875, "f1": 0.9885714285714287}, "1.0": {"accuracy": 0.9868421052631579, "precision": 0.990909090909091, "recall": 0.9875, "f1": 0.9885714285714287}, "2.0": {"accuracy": 0.9473684210526315, "precision": 0.9626373626373628, "recall": 0.9523809523809523, "f1": 0.9549163879598662}}, "GBY": {"0": {"accuracy": 0.9868421052631579, "precision": 0.95, "recall": 0.9857142857142858, "f1": 0.9589743589743589}, "0.5": {"accuracy": 1.0, "precision": 1.0, "recall": 1.0, "f1": 1.0}, "1.0": {"accuracy": 0.9868421052631579, "precision": 0.990909090909091, "recall": 0.9875, "f1": 0.9885714285714287}, "2.0": {"accuracy": 0.9605263157894737, "precision": 0.9690476190476192, "recall": 0.9666666666666666, "f1": 0.9665612648221344}}, "DBX": {"0": {"accuracy": 1.0, "precision": 1.0, "recall": 1.0, "f1": 1.0}, "0.5": {"accuracy": 0.8947368421052632, "precision": 0.9119047619047619, "recall": 0.9029761904761905, "f1": 0.9024475524475524}, "1.0": {"accuracy": 0.7631578947368421, "precision": 0.8414862914862915, "recall": 0.8023268398268399, "f1": 0.7989075252233147}, "2.0": {"accuracy": 0.4342105263157895, "precision": 0.49381578947368415, "recall": 0.4317099567099566, "f1": 0.3954761904761904}}, "DFX": {"0": {"accuracy": 0.9868421052631579, "precision": 0.95, "recall": 0.9857142857142858, "f1": 0.9589743589743589}, "0.5": {"accuracy": 0.6052631578947368, "precision": 0.6980069930069931, "recall": 0.6592532467532467, "f1": 0.6112165612165612}, "1.0": {"accuracy": 0.5921052631578947, "precision": 0.6767948717948717, "recall": 0.6449675324675324, "f1": 0.5867067572949927}, "2.0": {"accuracy": 0.42105263157894735, "precision": 0.5933906633906635, "recall": 0.3823051948051948, "f1": 0.3880743370105072}}, "DFZ": {"0": {"accuracy": 1.0, "precision": 1.0, "recall": 1.0, "f1": 1.0}, "0.5": {"accuracy": 0.9868421052631579, "precision": 0.990909090909091, "recall": 0.9875, "f1": 0.9885714285714287}, "1.0": {"accuracy": 0.8552631578947368, "precision": 0.8416666666666666, "recall": 0.86737012987013, "f1": 0.827957938324071}, "2.0": {"accuracy": 0.5394736842105263, "precision": 0.5789141414141413, "recall": 0.5196428571428571, "f1": 0.5003068407863804}}}