{"DBX": {"0": {"accuracy": 1.0, "precision": 1.0, "recall": 1.0, "f1": 1.0}, "0.1": {"accuracy": 0.9933774834437086, "precision": 0.9954545454545455, "recall": 0.9944444444444445, "f1": 0.9948172757475083}, "0.5": {"accuracy": 0.8807947019867549, "precision": 0.8855182072829131, "recall": 0.8965360662729083, "f1": 0.8861354130765895}, "1.0": {"accuracy": 0.695364238410596, "precision": 0.6921148974864145, "recall": 0.6999097393834236, "f1": 0.686896256373426}}, "DFX": {"0": {"accuracy": 1.0, "precision": 1.0, "recall": 1.0, "f1": 1.0}, "0.1": {"accuracy": 1.0, "precision": 1.0, "recall": 1.0, "f1": 1.0}, "0.5": {"accuracy": 0.9867549668874173, "precision": 0.9883116883116884, "recall": 0.98989898989899, "f1": 0.9888936988936988}, "1.0": {"accuracy": 0.9867549668874173, "precision": 0.9883116883116884, "recall": 0.98989898989899, "f1": 0.9888936988936988}}, "DFZ": {"0": {"accuracy": 1.0, "precision": 1.0, "recall": 1.0, "f1": 1.0}, "0.1": {"accuracy": 1.0, "precision": 1.0, "recall": 1.0, "f1": 1.0}, "0.5": {"accuracy": 0.9470198675496688, "precision": 0.9406593406593406, "recall": 0.9566933066933068, "f1": 0.9462213883677298}, "1.0": {"accuracy": 0.6754966887417219, "precision": 0.6922362278244631, "recall": 0.6776011269432322, "f1": 0.6710203678136335}}, "GFZ": {"0": {"accuracy": 0.9867549668874173, "precision": 0.9900966183574879, "recall": 0.9896825396825397, "f1": 0.9897831978319784}, "0.1": {"accuracy": 1.0, "precision": 1.0, "recall": 1.0, "f1": 1.0}, "0.5": {"accuracy": 0.9536423841059603, "precision": 0.9467643467643467, "recall": 0.9620806094490305, "f1": 0.9533858022252805}, "1.0": {"accuracy": 0.7350993377483444, "precision": 0.7454011387163562, "recall": 0.7463858144779197, "f1": 0.7222164716434494}}, "GBZ": {"0": {"accuracy": 0.9735099337748344, "precision": 0.9795815295815296, "recall": 0.9795815295815296, "f1": 0.9795815295815296}, "0.1": {"accuracy": 0.9933774834437086, "precision": 0.9947368421052631, "recall": 0.9952380952380953, "f1": 0.9948582729070535}, "0.5": {"accuracy": 0.9668874172185431, "precision": 0.9720445344129555, "recall": 0.9739087301587303, "f1": 0.9722478777589135}, "1.0": {"accuracy": 0.8211920529801324, "precision": 0.817121437811975, "recall": 0.8253179934100986, "f1": 0.8054692027751134}}, "GFY": {"0": {"accuracy": 0.9801324503311258, "precision": 0.9851370851370851, "recall": 0.9851370851370851, "f1": 0.9851370851370851}, "0.1": {"accuracy": 0.9933774834437086, "precision": 0.9947368421052631, "recall": 0.9952380952380953, "f1": 0.9948582729070535}, "0.5": {"accuracy": 0.9801324503311258, "precision": 0.9697368421052632, "recall": 0.9847117794486216, "f1": 0.9750170030657836}, "1.0": {"accuracy": 0.8675496688741722, "precision": 0.8593956043956045, "recall": 0.88673435482646, "f1": 0.8650125946784634}}, "GBY": {"0": {"accuracy": 0.9933774834437086, "precision": 0.9947368421052631, "recall": 0.9952380952380953, "f1": 0.9948582729070535}, "0.1": {"accuracy": 0.9933774834437086, "precision": 0.9947368421052631, "recall": 0.9952380952380953, "f1": 0.9948582729070535}, "0.5": {"accuracy": 0.9536423841059603, "precision": 0.944520577461754, "recall": 0.9621572871572873, "f1": 0.9504482468554579}, "1.0": {"accuracy": 0.7019867549668874, "precision": 0.7135042735042734, "recall": 0.7290330283751336, "f1": 0.6962229670464966}}}