{"DBX": {"0": {"accuracy": 0.8811881188118812, "precision": 0.8672222222222222, "recall": 0.83760582010582, "f1": 0.8320026660418914}, "0.1": {"accuracy": 0.6336633663366337, "precision": 0.5782864357864358, "recall": 0.5779059829059829, "f1": 0.5574341263756232}, "0.3": {"accuracy": 0.46534653465346537, "precision": 0.43076118326118323, "recall": 0.45732804232804225, "f1": 0.4259206349206349}, "0.5": {"accuracy": 0.4158415841584158, "precision": 0.38783189033189036, "recall": 0.40323972323972324, "f1": 0.3764373443745975}}, "DFX": {"0": {"accuracy": 0.9207920792079208, "precision": 0.8935714285714285, "recall": 0.8910582010582011, "f1": 0.8892040660064493}, "0.1": {"accuracy": 0.5643564356435643, "precision": 0.5442249417249416, "recall": 0.5307407407407407, "f1": 0.5065438740825738}, "0.3": {"accuracy": 0.5247524752475248, "precision": 0.49566433566433565, "recall": 0.5074267399267399, "f1": 0.4752502404790735}, "0.5": {"accuracy": 0.5247524752475248, "precision": 0.5067277820218996, "recall": 0.5203164428164428, "f1": 0.4839627477785373}}, "DFZ": {"0": {"accuracy": 0.9108910891089109, "precision": 0.90984015984016, "recall": 0.8857468457468457, "f1": 0.8921970621970623}, "0.1": {"accuracy": 0.4752475247524752, "precision": 0.42109723609723615, "recall": 0.43035816035816027, "f1": 0.4185192000981474}, "0.3": {"accuracy": 0.40594059405940597, "precision": 0.38969197469197464, "recall": 0.37789580789580784, "f1": 0.37132771483835314}, "0.5": {"accuracy": 0.38613861386138615, "precision": 0.3772672064777328, "recall": 0.3664997964997964, "f1": 0.3552910052910053}}, "GFZ": {"0": {"accuracy": 0.693069306930693, "precision": 0.6850326797385621, "recall": 0.6002350427350427, "f1": 0.621417748917749}, "0.1": {"accuracy": 0.6633663366336634, "precision": 0.6381449106449106, "recall": 0.5797171347171346, "f1": 0.5902951950010774}, "0.3": {"accuracy": 0.5346534653465347, "precision": 0.5464285714285715, "recall": 0.5175, "f1": 0.4937849272925713}, "0.5": {"accuracy": 0.3465346534653465, "precision": 0.3550793650793651, "recall": 0.3074847374847375, "f1": 0.30591480415009825}}, "GBZ": {"0": {"accuracy": 0.693069306930693, "precision": 0.7427312534209086, "recall": 0.6643620268620267, "f1": 0.6595329485329484}, "0.1": {"accuracy": 0.5742574257425742, "precision": 0.5979569892473118, "recall": 0.5436396011396012, "f1": 0.5345954964575654}, "0.3": {"accuracy": 0.43564356435643564, "precision": 0.46410052910052907, "recall": 0.4521225071225071, "f1": 0.4003300403300403}, "0.5": {"accuracy": 0.3465346534653465, "precision": 0.3891397250092902, "recall": 0.31036935286935285, "f1": 0.2969973544973545}}, "GFY": {"0": {"accuracy": 0.7524752475247525, "precision": 0.7085064935064935, "recall": 0.7598840048840049, "f1": 0.7188595175632462}, "0.1": {"accuracy": 0.693069306930693, "precision": 0.6590893406110798, "recall": 0.7001404151404153, "f1": 0.6595538905538907}, "0.3": {"accuracy": 0.43564356435643564, "precision": 0.42706625074272136, "recall": 0.4423015873015874, "f1": 0.397626941361244}, "0.5": {"accuracy": 0.3465346534653465, "precision": 0.3662049062049062, "recall": 0.36643467643467637, "f1": 0.32563124101635343}}, "GBY": {"0": {"accuracy": 0.32673267326732675, "precision": 0.262973137973138, "recall": 0.27617419617419614, "f1": 0.2610769419259985}, "0.1": {"accuracy": 0.36633663366336633, "precision": 0.3253427128427128, "recall": 0.33315221815221807, "f1": 0.31409953135959323}, "0.3": {"accuracy": 0.24752475247524752, "precision": 0.23190058479532163, "recall": 0.21078245828245828, "f1": 0.20434310701338565}, "0.5": {"accuracy": 0.24752475247524752, "precision": 0.2416214779372674, "recall": 0.23975681725681725, "f1": 0.22992211113694488}}}